"Step","Group: highway-v0 - adv_rewards","Group: highway-v0 - adv_rewards__MIN","Group: highway-v0 - adv_rewards__MAX"
"4000","0.0477326968973747","0.0477326968973747","0.0477326968973747"
"8000","0.021141649048625793","0.021141649048625793","0.021141649048625793"
"12000","0","0","0"
"16000","0.02079002079002079","0.02079002079002079","0.02079002079002079"
"20000","0.0199203187250996","0.0199203187250996","0.0199203187250996"
"24000","0.07874015748031496","0.07874015748031496","0.07874015748031496"
"28000","0.06012024048096192","0.06012024048096192","0.06012024048096192"
"32000","0.11834319526627218","0.11834319526627218","0.11834319526627218"
"36000","0.058365758754863814","0.058365758754863814","0.058365758754863814"
"40000","0.038834951456310676","0.038834951456310676","0.038834951456310676"
"44000","0.05725190839694656","0.05725190839694656","0.05725190839694656"
"48000","0.07751937984496124","0.07751937984496124","0.07751937984496124"
"52000","0","0","0"
"56000","0.05825242718446602","0.05825242718446602","0.05825242718446602"
"60000","0.07827788649706457","0.07827788649706457","0.07827788649706457"
"64000","0.07952286282306163","0.07952286282306163","0.07952286282306163"
"68000","0.058027079303675046","0.058027079303675046","0.058027079303675046"
"72000","0.11673151750972763","0.11673151750972763","0.11673151750972763"
"76000","0.19342359767891681","0.19342359767891681","0.19342359767891681"
"80000","0.06097560975609756","0.06097560975609756","0.06097560975609756"
"84000","0.11834319526627218","0.11834319526627218","0.11834319526627218"
"88000","0.205761316872428","0.205761316872428","0.205761316872428"
"92000","0.0847457627118644","0.0847457627118644","0.0847457627118644"
"96000","0.19027484143763213","0.19027484143763213","0.19027484143763213"
"100000","0.11013215859030837","0.11013215859030837","0.11013215859030837"
"104000","0.30501089324618735","0.30501089324618735","0.30501089324618735"
"108000","0.19736842105263158","0.19736842105263158","0.19736842105263158"
"112000","0.11061946902654868","0.11061946902654868","0.11061946902654868"
"116000","0.091324200913242","0.091324200913242","0.091324200913242"
"120000","0.11286681715575621","0.11286681715575621","0.11286681715575621"
"124000","0.26200873362445415","0.26200873362445415","0.26200873362445415"
"128000","0.10989010989010989","0.10989010989010989","0.10989010989010989"
"132000","0.10989010989010989","0.10989010989010989","0.10989010989010989"
"136000","0.1762114537444934","0.1762114537444934","0.1762114537444934"
"140000","0.13157894736842105","0.13157894736842105","0.13157894736842105"
"144000","0.20089285714285715","0.20089285714285715","0.20089285714285715"
"148000","0.1789709172259508","0.1789709172259508","0.1789709172259508"
"152000","0.17204301075268819","0.17204301075268819","0.17204301075268819"
"156000","0.21691973969631237","0.21691973969631237","0.21691973969631237"
"160000","0.17429193899782136","0.17429193899782136","0.17429193899782136"
"164000","0.3111111111111111","0.3111111111111111","0.3111111111111111"
"168000","0.1111111111111111","0.1111111111111111","0.1111111111111111"
"172000","0.28322440087145967","0.28322440087145967","0.28322440087145967"
"176000","0.3938730853391685","0.3938730853391685","0.3938730853391685"
"180000","0.17467248908296942","0.17467248908296942","0.17467248908296942"
"184000","0.3282275711159737","0.3282275711159737","0.3282275711159737"
"188000","0.2","0.2","0.2"
"192000","0.2159827213822894","0.2159827213822894","0.2159827213822894"
"196000","0.3325942350332594","0.3325942350332594","0.3325942350332594"
"200000","0.28888888888888886","0.28888888888888886","0.28888888888888886"
"204000","0.15384615384615385","0.15384615384615385","0.15384615384615385"
"208000","0.23706896551724138","0.23706896551724138","0.23706896551724138"
"212000","0.2412280701754386","0.2412280701754386","0.2412280701754386"
"216000","0.22026431718061673","0.22026431718061673","0.22026431718061673"
"220000","0.14799154334038056","0.14799154334038056","0.14799154334038056"
"224000","0.24017467248908297","0.24017467248908297","0.24017467248908297"
"228000","0.28761061946902655","0.28761061946902655","0.28761061946902655"
"232000","0.2813852813852814","0.2813852813852814","0.2813852813852814"
"236000","0.15283842794759825","0.15283842794759825","0.15283842794759825"
"240000","0.350109409190372","0.350109409190372","0.350109409190372"
"244000","0.21739130434782608","0.21739130434782608","0.21739130434782608"
"248000","0.2591792656587473","0.2591792656587473","0.2591792656587473"
"252000","0.17167381974248927","0.17167381974248927","0.17167381974248927"
"256000","0.367170626349892","0.367170626349892","0.367170626349892"
"260000","0.19480519480519481","0.19480519480519481","0.19480519480519481"
"264000","0.2777777777777778","0.2777777777777778","0.2777777777777778"
"268000","0.29411764705882354","0.29411764705882354","0.29411764705882354"
"272000","0.2569593147751606","0.2569593147751606","0.2569593147751606"
"276000","0.1935483870967742","0.1935483870967742","0.1935483870967742"
"280000","0.2145922746781116","0.2145922746781116","0.2145922746781116"
"284000","0.21691973969631237","0.21691973969631237","0.21691973969631237"
"288000","0.19522776572668113","0.19522776572668113","0.19522776572668113"
"292000","0.2188183807439825","0.2188183807439825","0.2188183807439825"
"296000","0.21321961620469082","0.21321961620469082","0.21321961620469082"
"300000","0.15184381778741865","0.15184381778741865","0.15184381778741865"
"304000","0.34408602150537637","0.34408602150537637","0.34408602150537637"
"308000","0.33970276008492567","0.33970276008492567","0.33970276008492567"
"312000","0.29978586723768735","0.29978586723768735","0.29978586723768735"
"316000","0.2178649237472767","0.2178649237472767","0.2178649237472767"
"320000","0.17316017316017315","0.17316017316017315","0.17316017316017315"
"324000","0.27956989247311825","0.27956989247311825","0.27956989247311825"
"328000","0.28199566160520606","0.28199566160520606","0.28199566160520606"
"332000","0.24719101123595505","0.24719101123595505","0.24719101123595505"
"336000","0.26143790849673204","0.26143790849673204","0.26143790849673204"
"340000","0.40772532188841204","0.40772532188841204","0.40772532188841204"
"344000","0.2188183807439825","0.2188183807439825","0.2188183807439825"
"348000","0.3617021276595745","0.3617021276595745","0.3617021276595745"
"352000","0.3282275711159737","0.3282275711159737","0.3282275711159737"
"356000","0.267260579064588","0.267260579064588","0.267260579064588"
"360000","0.24830699774266365","0.24830699774266365","0.24830699774266365"
"364000","0.23809523809523808","0.23809523809523808","0.23809523809523808"
"368000","0.21231422505307856","0.21231422505307856","0.21231422505307856"
"372000","0.28634361233480177","0.28634361233480177","0.28634361233480177"
"376000","0.3225806451612903","0.3225806451612903","0.3225806451612903"
"380000","0.35320088300220753","0.35320088300220753","0.35320088300220753"
"384000","0.39215686274509803","0.39215686274509803","0.39215686274509803"
"388000","0.3516483516483517","0.3516483516483517","0.3516483516483517"
"392000","0.17278617710583152","0.17278617710583152","0.17278617710583152"
"396000","0.2553191489361702","0.2553191489361702","0.2553191489361702"
"400000","0.15151515151515152","0.15151515151515152","0.15151515151515152"
"404000","0.32751091703056767","0.32751091703056767","0.32751091703056767"
"408000","0.1511879049676026","0.1511879049676026","0.1511879049676026"
"412000","0.1978021978021978","0.1978021978021978","0.1978021978021978"
"416000","0.16985138004246284","0.16985138004246284","0.16985138004246284"
"420000","0.336322869955157","0.336322869955157","0.336322869955157"
"424000","0.17660044150110377","0.17660044150110377","0.17660044150110377"
"428000","0.2422907488986784","0.2422907488986784","0.2422907488986784"
"432000","0.2844638949671772","0.2844638949671772","0.2844638949671772"
"436000","0.26258205689277897","0.26258205689277897","0.26258205689277897"
"440000","0.33185840707964603","0.33185840707964603","0.33185840707964603"
"444000","0.08602150537634409","0.08602150537634409","0.08602150537634409"
"448000","0.22371364653243847","0.22371364653243847","0.22371364653243847"
"452000","0.2422907488986784","0.2422907488986784","0.2422907488986784"
"456000","0.18099547511312217","0.18099547511312217","0.18099547511312217"
"460000","0.2826086956521739","0.2826086956521739","0.2826086956521739"
"464000","0.22026431718061673","0.22026431718061673","0.22026431718061673"
"468000","0.24498886414253898","0.24498886414253898","0.24498886414253898"
"472000","0.25862068965517243","0.25862068965517243","0.25862068965517243"
"476000","0.044444444444444446","0.044444444444444446","0.044444444444444446"
"480000","0.23965141612200436","0.23965141612200436","0.23965141612200436"
"484000","0.1762114537444934","0.1762114537444934","0.1762114537444934"
"488000","0.22675736961451248","0.22675736961451248","0.22675736961451248"
"492000","0.15659955257270694","0.15659955257270694","0.15659955257270694"
"496000","0.17429193899782136","0.17429193899782136","0.17429193899782136"
"500000","0.11337868480725624","0.11337868480725624","0.11337868480725624"
"504000","0.30501089324618735","0.30501089324618735","0.30501089324618735"
"508000","0.15555555555555556","0.15555555555555556","0.15555555555555556"
"512000","0.18018018018018017","0.18018018018018017","0.18018018018018017"
"516000","0.155902004454343","0.155902004454343","0.155902004454343"
"520000","0.24719101123595505","0.24719101123595505","0.24719101123595505"
"524000","0.3282275711159737","0.3282275711159737","0.3282275711159737"
"528000","0.29017857142857145","0.29017857142857145","0.29017857142857145"
"532000","0.17937219730941703","0.17937219730941703","0.17937219730941703"
"536000","0.15730337078651685","0.15730337078651685","0.15730337078651685"
"540000","0.29213483146067415","0.29213483146067415","0.29213483146067415"
"544000","0.2505694760820046","0.2505694760820046","0.2505694760820046"
"548000","0.24336283185840707","0.24336283185840707","0.24336283185840707"
"552000","0.24444444444444444","0.24444444444444444","0.24444444444444444"
"556000","0.2968036529680365","0.2968036529680365","0.2968036529680365"
"560000","0.26666666666666666","0.26666666666666666","0.26666666666666666"
"564000","0.24553571428571427","0.24553571428571427","0.24553571428571427"
"568000","0.21929824561403508","0.21929824561403508","0.21929824561403508"
"572000","0.2242152466367713","0.2242152466367713","0.2242152466367713"
"576000","0.20454545454545456","0.20454545454545456","0.20454545454545456"
"580000","0.2708803611738149","0.2708803611738149","0.2708803611738149"
"584000","0.3153153153153153","0.3153153153153153","0.3153153153153153"
"588000","0.2708803611738149","0.2708803611738149","0.2708803611738149"
"592000","0.13513513513513514","0.13513513513513514","0.13513513513513514"
"596000","0.4044943820224719","0.4044943820224719","0.4044943820224719"
"600000","0.28824833702882485","0.28824833702882485","0.28824833702882485"
"604000","0.39823008849557523","0.39823008849557523","0.39823008849557523"
"608000","0.15521064301552107","0.15521064301552107","0.15521064301552107"
"612000","0.3393665158371041","0.3393665158371041","0.3393665158371041"
"616000","0.20361990950226244","0.20361990950226244","0.20361990950226244"
"620000","0.2869757174392936","0.2869757174392936","0.2869757174392936"
"624000","0.248868778280543","0.248868778280543","0.248868778280543"
"628000","0.24282560706401765","0.24282560706401765","0.24282560706401765"
"632000","0.13274336283185842","0.13274336283185842","0.13274336283185842"
"636000","0.3153153153153153","0.3153153153153153","0.3153153153153153"
"640000","0.37861915367483295","0.37861915367483295","0.37861915367483295"
"644000","0.18181818181818182","0.18181818181818182","0.18181818181818182"
"648000","0.17817371937639198","0.17817371937639198","0.17817371937639198"
"652000","0.25287356321839083","0.25287356321839083","0.25287356321839083"
"656000","0.3181818181818182","0.3181818181818182","0.3181818181818182"
"660000","0.2247191011235955","0.2247191011235955","0.2247191011235955"
"664000","0.33185840707964603","0.33185840707964603","0.33185840707964603"
"668000","0.09216589861751152","0.09216589861751152","0.09216589861751152"
"672000","0.3409090909090909","0.3409090909090909","0.3409090909090909"
"676000","0.24553571428571427","0.24553571428571427","0.24553571428571427"
"680000","0.248868778280543","0.248868778280543","0.248868778280543"
"684000","0.2708803611738149","0.2708803611738149","0.2708803611738149"
"688000","0.2054794520547945","0.2054794520547945","0.2054794520547945"
"692000","0.319634703196347","0.319634703196347","0.319634703196347"
"696000","0.19911504424778761","0.19911504424778761","0.19911504424778761"
"700000","0.2540415704387991","0.2540415704387991","0.2540415704387991"
"704000","0.155902004454343","0.155902004454343","0.155902004454343"
"708000","0.3218390804597701","0.3218390804597701","0.3218390804597701"
"712000","0.1382488479262673","0.1382488479262673","0.1382488479262673"
"716000","0.228310502283105","0.228310502283105","0.228310502283105"
"720000","0.29411764705882354","0.29411764705882354","0.29411764705882354"
"724000","0.228310502283105","0.228310502283105","0.228310502283105"
"728000","0.18475750577367206","0.18475750577367206","0.18475750577367206"
"732000","0.2222222222222222","0.2222222222222222","0.2222222222222222"
"736000","0.11363636363636363","0.11363636363636363","0.11363636363636363"
"740000","0.1834862385321101","0.1834862385321101","0.1834862385321101"
"744000","0.248868778280543","0.248868778280543","0.248868778280543"
"748000","0.25","0.25","0.25"
"752000","0.26490066225165565","0.26490066225165565","0.26490066225165565"
"756000","0.20930232558139536","0.20930232558139536","0.20930232558139536"
"760000","0.2696629213483146","0.2696629213483146","0.2696629213483146"
"764000","0.20134228187919462","0.20134228187919462","0.20134228187919462"
"768000","0.24336283185840707","0.24336283185840707","0.24336283185840707"
"772000","0.17937219730941703","0.17937219730941703","0.17937219730941703"
"776000","0.2927927927927928","0.2927927927927928","0.2927927927927928"
"780000","0.22675736961451248","0.22675736961451248","0.22675736961451248"
"784000","0.18140589569160998","0.18140589569160998","0.18140589569160998"
"788000","0.2914798206278027","0.2914798206278027","0.2914798206278027"
"792000","0.22271714922049","0.22271714922049","0.22271714922049"
"796000","0.27522935779816515","0.27522935779816515","0.27522935779816515"
"800000","0.2988505747126437","0.2988505747126437","0.2988505747126437"
"804000","0.23094688221709006","0.23094688221709006","0.23094688221709006"
"808000","0.20408163265306123","0.20408163265306123","0.20408163265306123"
"812000","0.296127562642369","0.296127562642369","0.296127562642369"
"816000","0.1789709172259508","0.1789709172259508","0.1789709172259508"
"820000","0.18223234624145787","0.18223234624145787","0.18223234624145787"
"824000","0.31746031746031744","0.31746031746031744","0.31746031746031744"
"828000","0.2054794520547945","0.2054794520547945","0.2054794520547945"
"832000","0.3076923076923077","0.3076923076923077","0.3076923076923077"
"836000","0.36446469248291574","0.36446469248291574","0.36446469248291574"
"840000","0.20361990950226244","0.20361990950226244","0.20361990950226244"
"844000","0.22172949002217296","0.22172949002217296","0.22172949002217296"
"848000","0.20454545454545456","0.20454545454545456","0.20454545454545456"
"852000","0.2702702702702703","0.2702702702702703","0.2702702702702703"
"856000","0.2247191011235955","0.2247191011235955","0.2247191011235955"
"860000","0.2733485193621868","0.2733485193621868","0.2733485193621868"
"864000","0.28824833702882485","0.28824833702882485","0.28824833702882485"
"868000","0.2764976958525346","0.2764976958525346","0.2764976958525346"
"872000","0.2988505747126437","0.2988505747126437","0.2988505747126437"
"876000","0.1580135440180587","0.1580135440180587","0.1580135440180587"
"880000","0.3211009174311927","0.3211009174311927","0.3211009174311927"
"884000","0.267260579064588","0.267260579064588","0.267260579064588"
"888000","0.32036613272311215","0.32036613272311215","0.32036613272311215"
"892000","0.20594965675057209","0.20594965675057209","0.20594965675057209"
"896000","0.3516483516483517","0.3516483516483517","0.3516483516483517"
"900000","0.2073732718894009","0.2073732718894009","0.2073732718894009"
"904000","0.4","0.4","0.4"
"908000","0.365296803652968","0.365296803652968","0.365296803652968"
"912000","0.31042128603104213","0.31042128603104213","0.31042128603104213"
"916000","0.29017857142857145","0.29017857142857145","0.29017857142857145"
"920000","0.1839080459770115","0.1839080459770115","0.1839080459770115"
"924000","0.2696629213483146","0.2696629213483146","0.2696629213483146"
"928000","0.27149321266968324","0.27149321266968324","0.27149321266968324"
"932000","0.22624434389140272","0.22624434389140272","0.22624434389140272"
"936000","0.36199095022624433","0.36199095022624433","0.36199095022624433"
"940000","0.2288329519450801","0.2288329519450801","0.2288329519450801"
"944000","0.133630289532294","0.133630289532294","0.133630289532294"
"948000","0.3837471783295711","0.3837471783295711","0.3837471783295711"
"952000","0.2631578947368421","0.2631578947368421","0.2631578947368421"
"956000","0.31746031746031744","0.31746031746031744","0.31746031746031744"
"960000","0.267260579064588","0.267260579064588","0.267260579064588"
"964000","0.18181818181818182","0.18181818181818182","0.18181818181818182"
"968000","0.272108843537415","0.272108843537415","0.272108843537415"
"972000","0.18561484918793503","0.18561484918793503","0.18561484918793503"
"976000","0.3160270880361174","0.3160270880361174","0.3160270880361174"
"980000","0.20785219399538107","0.20785219399538107","0.20785219399538107"
"984000","0.29545454545454547","0.29545454545454547","0.29545454545454547"
"988000","0.13729977116704806","0.13729977116704806","0.13729977116704806"
"992000","0.38202247191011235","0.38202247191011235","0.38202247191011235"
"996000","0.2914798206278027","0.2914798206278027","0.2914798206278027"
"1000000","0.2336448598130841","0.2336448598130841","0.2336448598130841"
"1004000","0.2968036529680365","0.2968036529680365","0.2968036529680365"
"1008000","0.29345372460496616","0.29345372460496616","0.29345372460496616"
"1012000","0.33860045146726864","0.33860045146726864","0.33860045146726864"
"1016000","0.29017857142857145","0.29017857142857145","0.29017857142857145"
"1020000","0.27149321266968324","0.27149321266968324","0.27149321266968324"
"1024000","0.32036613272311215","0.32036613272311215","0.32036613272311215"
"1028000","0.18475750577367206","0.18475750577367206","0.18475750577367206"
"1032000","0.1834862385321101","0.1834862385321101","0.1834862385321101"
"1036000","0.24553571428571427","0.24553571428571427","0.24553571428571427"
"1040000","0.13513513513513514","0.13513513513513514","0.13513513513513514"
"1044000","0.35634743875278396","0.35634743875278396","0.35634743875278396"
"1048000","0.228310502283105","0.228310502283105","0.228310502283105"
"1052000","0.3393665158371041","0.3393665158371041","0.3393665158371041"
"1056000","0.289532293986637","0.289532293986637","0.289532293986637"
"1060000","0.2927927927927928","0.2927927927927928","0.2927927927927928"
"1064000","0.2988505747126437","0.2988505747126437","0.2988505747126437"
"1068000","0.22988505747126436","0.22988505747126436","0.22988505747126436"
"1072000","0.4318181818181818","0.4318181818181818","0.4318181818181818"
"1076000","0.29017857142857145","0.29017857142857145","0.29017857142857145"
"1080000","0.13574660633484162","0.13574660633484162","0.13574660633484162"
"1084000","0.3225806451612903","0.3225806451612903","0.3225806451612903"
"1088000","0.15730337078651685","0.15730337078651685","0.15730337078651685"
"1092000","0.38990825688073394","0.38990825688073394","0.38990825688073394"
"1096000","0.2222222222222222","0.2222222222222222","0.2222222222222222"
"1100000","0.3002309468822171","0.3002309468822171","0.3002309468822171"
"1104000","0.1360544217687075","0.1360544217687075","0.1360544217687075"
"1108000","0.248868778280543","0.248868778280543","0.248868778280543"
"1112000","0.20594965675057209","0.20594965675057209","0.20594965675057209"
"1116000","0.25229357798165136","0.25229357798165136","0.25229357798165136"
"1120000","0.2517162471395881","0.2517162471395881","0.2517162471395881"
"1124000","0.2733485193621868","0.2733485193621868","0.2733485193621868"
"1128000","0.1182033096926714","0.1182033096926714","0.1182033096926714"
"1132000","0.33783783783783783","0.33783783783783783","0.33783783783783783"
"1136000","0.20833333333333334","0.20833333333333334","0.20833333333333334"
"1140000","0.48498845265588914","0.48498845265588914","0.48498845265588914"
"1144000","0.23148148148148148","0.23148148148148148","0.23148148148148148"
"1148000","0.2534562211981567","0.2534562211981567","0.2534562211981567"
"1152000","0.3472222222222222","0.3472222222222222","0.3472222222222222"
"1156000","0.2927927927927928","0.2927927927927928","0.2927927927927928"
"1160000","0.1643192488262911","0.1643192488262911","0.1643192488262911"
"1164000","0.2777777777777778","0.2777777777777778","0.2777777777777778"
"1168000","0.31890660592255127","0.31890660592255127","0.31890660592255127"
"1172000","0.25","0.25","0.25"
"1176000","0.2288329519450801","0.2288329519450801","0.2288329519450801"
"1180000","0.3225806451612903","0.3225806451612903","0.3225806451612903"
"1184000","0.2764976958525346","0.2764976958525346","0.2764976958525346"
"1188000","0.25229357798165136","0.25229357798165136","0.25229357798165136"
"1192000","0.2745995423340961","0.2745995423340961","0.2745995423340961"
"1196000","0.25882352941176473","0.25882352941176473","0.25882352941176473"
"1200000","0.4044943820224719","0.4044943820224719","0.4044943820224719"
"1204000","0.23201856148491878","0.23201856148491878","0.23201856148491878"
"1208000","0.2331002331002331","0.2331002331002331","0.2331002331002331"
"1212000","0.32710280373831774","0.32710280373831774","0.32710280373831774"
"1216000","0.30092592592592593","0.30092592592592593","0.30092592592592593"
"1220000","0.4794520547945205","0.4794520547945205","0.4794520547945205"
"1224000","0.18518518518518517","0.18518518518518517","0.18518518518518517"
"1228000","0.3181818181818182","0.3181818181818182","0.3181818181818182"
"1232000","0.4484304932735426","0.4484304932735426","0.4484304932735426"
"1236000","0.2745995423340961","0.2745995423340961","0.2745995423340961"
"1240000","0.43577981651376146","0.43577981651376146","0.43577981651376146"
"1244000","0.20454545454545456","0.20454545454545456","0.20454545454545456"
"1248000","0.3962703962703963","0.3962703962703963","0.3962703962703963"
"1252000","0.228310502283105","0.228310502283105","0.228310502283105"
"1256000","0.13729977116704806","0.13729977116704806","0.13729977116704806"
"1260000","0.2981651376146789","0.2981651376146789","0.2981651376146789"
"1264000","0.18475750577367206","0.18475750577367206","0.18475750577367206"
"1268000","0.14084507042253522","0.14084507042253522","0.14084507042253522"
"1272000","0.27149321266968324","0.27149321266968324","0.27149321266968324"
"1276000","0.2968036529680365","0.2968036529680365","0.2968036529680365"
"1280000","0.26905829596412556","0.26905829596412556","0.26905829596412556"
"1284000","0.2981651376146789","0.2981651376146789","0.2981651376146789"
"1288000","0.234192037470726","0.234192037470726","0.234192037470726"
"1292000","0.2968036529680365","0.2968036529680365","0.2968036529680365"
"1296000","0.18223234624145787","0.18223234624145787","0.18223234624145787"
"1300000","0.3160270880361174","0.3160270880361174","0.3160270880361174"
"1304000","0.20642201834862386","0.20642201834862386","0.20642201834862386"
"1308000","0.2505694760820046","0.2505694760820046","0.2505694760820046"
"1312000","0.4186046511627907","0.4186046511627907","0.4186046511627907"
"1316000","0.296127562642369","0.296127562642369","0.296127562642369"
"1320000","0.4328018223234624","0.4328018223234624","0.4328018223234624"
"1324000","0.319634703196347","0.319634703196347","0.319634703196347"
"1328000","0.2511415525114155","0.2511415525114155","0.2511415525114155"
"1332000","0.296127562642369","0.296127562642369","0.296127562642369"
"1336000","0.42696629213483145","0.42696629213483145","0.42696629213483145"
"1340000","0.2981651376146789","0.2981651376146789","0.2981651376146789"
"1344000","0.18099547511312217","0.18099547511312217","0.18099547511312217"
"1348000","0.4072398190045249","0.4072398190045249","0.4072398190045249"
"1352000","0.091324200913242","0.091324200913242","0.091324200913242"
"1356000","0.18181818181818182","0.18181818181818182","0.18181818181818182"
"1360000","0.2511415525114155","0.2511415525114155","0.2511415525114155"
"1364000","0.3044496487119438","0.3044496487119438","0.3044496487119438"
"1368000","0.18181818181818182","0.18181818181818182","0.18181818181818182"
"1372000","0.4308390022675737","0.4308390022675737","0.4308390022675737"
"1376000","0.3218390804597701","0.3218390804597701","0.3218390804597701"
"1380000","0.2097902097902098","0.2097902097902098","0.2097902097902098"
"1384000","0.04672897196261682","0.04672897196261682","0.04672897196261682"
"1388000","0.25287356321839083","0.25287356321839083","0.25287356321839083"
"1392000","0.2534562211981567","0.2534562211981567","0.2534562211981567"
"1396000","0.39443155452436196","0.39443155452436196","0.39443155452436196"
"1400000","0.2733485193621868","0.2733485193621868","0.2733485193621868"
"1404000","0.3044496487119438","0.3044496487119438","0.3044496487119438"
"1408000","0.2102803738317757","0.2102803738317757","0.2102803738317757"
"1412000","0.24830699774266365","0.24830699774266365","0.24830699774266365"
"1416000","0.18518518518518517","0.18518518518518517","0.18518518518518517"
"1420000","0.16091954022988506","0.16091954022988506","0.16091954022988506"
"1424000","0.3440366972477064","0.3440366972477064","0.3440366972477064"
"1428000","0.27713625866050806","0.27713625866050806","0.27713625866050806"
"1432000","0.2830188679245283","0.2830188679245283","0.2830188679245283"
"1436000","0.365296803652968","0.365296803652968","0.365296803652968"
"1440000","0.21226415094339623","0.21226415094339623","0.21226415094339623"
"1444000","0.273972602739726","0.273972602739726","0.273972602739726"
"1448000","0.3464203233256351","0.3464203233256351","0.3464203233256351"
"1452000","0.28169014084507044","0.28169014084507044","0.28169014084507044"
"1456000","0.27906976744186046","0.27906976744186046","0.27906976744186046"
"1460000","0.2112676056338028","0.2112676056338028","0.2112676056338028"
"1464000","0.1590909090909091","0.1590909090909091","0.1590909090909091"
"1468000","0.32407407407407407","0.32407407407407407","0.32407407407407407"
"1472000","0.2777777777777778","0.2777777777777778","0.2777777777777778"
"1476000","0.272108843537415","0.272108843537415","0.272108843537415"
"1480000","0.4166666666666667","0.4166666666666667","0.4166666666666667"
"1484000","0.234192037470726","0.234192037470726","0.234192037470726"
"1488000","0.4166666666666667","0.4166666666666667","0.4166666666666667"
"1492000","0.38724373576309795","0.38724373576309795","0.38724373576309795"
"1496000","0.18779342723004694","0.18779342723004694","0.18779342723004694"
"1500000","0.30660377358490565","0.30660377358490565","0.30660377358490565"
"1504000","0.2974828375286041","0.2974828375286041","0.2974828375286041"
"1508000","0.20833333333333334","0.20833333333333334","0.20833333333333334"
"1512000","0.4805491990846682","0.4805491990846682","0.4805491990846682"
"1516000","0.319634703196347","0.319634703196347","0.319634703196347"
"1520000","0.1382488479262673","0.1382488479262673","0.1382488479262673"
"1524000","0.3695150115473441","0.3695150115473441","0.3695150115473441"
"1528000","0.27906976744186046","0.27906976744186046","0.27906976744186046"
"1532000","0.2511415525114155","0.2511415525114155","0.2511415525114155"
"1536000","0.20501138952164008","0.20501138952164008","0.20501138952164008"
"1540000","0.5215419501133787","0.5215419501133787","0.5215419501133787"
"1544000","0.31890660592255127","0.31890660592255127","0.31890660592255127"
"1548000","0.27586206896551724","0.27586206896551724","0.27586206896551724"
"1552000","0.2494331065759637","0.2494331065759637","0.2494331065759637"
"1556000","0.2505694760820046","0.2505694760820046","0.2505694760820046"
"1560000","0.3146067415730337","0.3146067415730337","0.3146067415730337"
"1564000","0.26004728132387706","0.26004728132387706","0.26004728132387706"
"1568000","0.37861915367483295","0.37861915367483295","0.37861915367483295"
"1572000","0.20594965675057209","0.20594965675057209","0.20594965675057209"
"1576000","0.3002309468822171","0.3002309468822171","0.3002309468822171"
"1580000","0.35874439461883406","0.35874439461883406","0.35874439461883406"
"1584000","0.34324942791762014","0.34324942791762014","0.34324942791762014"
"1588000","0.20501138952164008","0.20501138952164008","0.20501138952164008"
"1592000","0.3044496487119438","0.3044496487119438","0.3044496487119438"
"1596000","0.11467889908256881","0.11467889908256881","0.11467889908256881"
"1600000","0.22727272727272727","0.22727272727272727","0.22727272727272727"
"1604000","0.27149321266968324","0.27149321266968324","0.27149321266968324"
"1608000","0.27842227378190254","0.27842227378190254","0.27842227378190254"
"1612000","0.13921113689095127","0.13921113689095127","0.13921113689095127"
"1616000","0.22779043280182232","0.22779043280182232","0.22779043280182232"
"1620000","0.16166281755196305","0.16166281755196305","0.16166281755196305"
"1624000","0.11627906976744186","0.11627906976744186","0.11627906976744186"
"1628000","0.3448275862068966","0.3448275862068966","0.3448275862068966"
"1632000","0.45146726862302483","0.45146726862302483","0.45146726862302483"
"1636000","0.16091954022988506","0.16091954022988506","0.16091954022988506"
"1640000","0.3464203233256351","0.3464203233256351","0.3464203233256351"
"1644000","0.36199095022624433","0.36199095022624433","0.36199095022624433"
"1648000","0.2132701421800948","0.2132701421800948","0.2132701421800948"
"1652000","0.3233256351039261","0.3233256351039261","0.3233256351039261"
"1656000","0.11600928074245939","0.11600928074245939","0.11600928074245939"
"1660000","0.25","0.25","0.25"
"1664000","0.3472222222222222","0.3472222222222222","0.3472222222222222"
"1668000","0.35555555555555557","0.35555555555555557","0.35555555555555557"
"1672000","0.2097902097902098","0.2097902097902098","0.2097902097902098"
"1676000","0.27842227378190254","0.27842227378190254","0.27842227378190254"
"1680000","0.296127562642369","0.296127562642369","0.296127562642369"
"1684000","0.15730337078651685","0.15730337078651685","0.15730337078651685"
"1688000","0.2331002331002331","0.2331002331002331","0.2331002331002331"
"1692000","0.20689655172413793","0.20689655172413793","0.20689655172413793"
"1696000","0.45871559633027525","0.45871559633027525","0.45871559633027525"
"1700000","0.2777777777777778","0.2777777777777778","0.2777777777777778"
"1704000","0.23094688221709006","0.23094688221709006","0.23094688221709006"
"1708000","0.319634703196347","0.319634703196347","0.319634703196347"
"1712000","0.38990825688073394","0.38990825688073394","0.38990825688073394"
"1716000","0.18223234624145787","0.18223234624145787","0.18223234624145787"
"1720000","0.13953488372093023","0.13953488372093023","0.13953488372093023"
"1724000","0.14150943396226415","0.14150943396226415","0.14150943396226415"
"1728000","0.273972602739726","0.273972602739726","0.273972602739726"
"1732000","0.16129032258064516","0.16129032258064516","0.16129032258064516"
"1736000","0.2054794520547945","0.2054794520547945","0.2054794520547945"
"1740000","0.09049773755656108","0.09049773755656108","0.09049773755656108"
"1744000","0.296127562642369","0.296127562642369","0.296127562642369"
"1748000","0.22935779816513763","0.22935779816513763","0.22935779816513763"
"1752000","0.1797752808988764","0.1797752808988764","0.1797752808988764"
"1756000","0.16166281755196305","0.16166281755196305","0.16166281755196305"
"1760000","0.22988505747126436","0.22988505747126436","0.22988505747126436"
"1764000","0.18561484918793503","0.18561484918793503","0.18561484918793503"
"1768000","0.2112676056338028","0.2112676056338028","0.2112676056338028"
"1772000","0.18518518518518517","0.18518518518518517","0.18518518518518517"
"1776000","0.34324942791762014","0.34324942791762014","0.34324942791762014"
"1780000","0.4044943820224719","0.4044943820224719","0.4044943820224719"
"1784000","0.16317016317016317","0.16317016317016317","0.16317016317016317"
"1788000","0.2708803611738149","0.2708803611738149","0.2708803611738149"
"1792000","0.37122969837587005","0.37122969837587005","0.37122969837587005"
"1796000","0.3611738148984199","0.3611738148984199","0.3611738148984199"
"1800000","0.2088167053364269","0.2088167053364269","0.2088167053364269"
"1804000","0.2564102564102564","0.2564102564102564","0.2564102564102564"
"1808000","0.2552204176334107","0.2552204176334107","0.2552204176334107"
"1812000","0.273972602739726","0.273972602739726","0.273972602739726"
"1816000","0.18306636155606407","0.18306636155606407","0.18306636155606407"
"1820000","0.2869757174392936","0.2869757174392936","0.2869757174392936"
"1824000","0.3401360544217687","0.3401360544217687","0.3401360544217687"
"1828000","0.1405152224824356","0.1405152224824356","0.1405152224824356"
"1832000","0.20833333333333334","0.20833333333333334","0.20833333333333334"
"1836000","0.5011389521640092","0.5011389521640092","0.5011389521640092"
"1840000","0.20930232558139536","0.20930232558139536","0.20930232558139536"
"1844000","0.13761467889908258","0.13761467889908258","0.13761467889908258"
"1848000","0.16166281755196305","0.16166281755196305","0.16166281755196305"
"1852000","0.18433179723502305","0.18433179723502305","0.18433179723502305"
"1856000","0.3755868544600939","0.3755868544600939","0.3755868544600939"
"1860000","0","0","0"
"1864000","0.14354066985645933","0.14354066985645933","0.14354066985645933"
"1868000","0.25229357798165136","0.25229357798165136","0.25229357798165136"
"1872000","0.18561484918793503","0.18561484918793503","0.18561484918793503"
"1876000","0.20930232558139536","0.20930232558139536","0.20930232558139536"
"1880000","0.20689655172413793","0.20689655172413793","0.20689655172413793"
"1884000","0.20833333333333334","0.20833333333333334","0.20833333333333334"
"1888000","0.25287356321839083","0.25287356321839083","0.25287356321839083"
"1892000","0.13921113689095127","0.13921113689095127","0.13921113689095127"
"1896000","0.3051643192488263","0.3051643192488263","0.3051643192488263"
"1900000","0.3409090909090909","0.3409090909090909","0.3409090909090909"
"1904000","0.22988505747126436","0.22988505747126436","0.22988505747126436"
"1908000","0.22988505747126436","0.22988505747126436","0.22988505747126436"
"1912000","0.27713625866050806","0.27713625866050806","0.27713625866050806"
"1916000","0.2505694760820046","0.2505694760820046","0.2505694760820046"
"1920000","0.09237875288683603","0.09237875288683603","0.09237875288683603"
"1924000","0.481651376146789","0.481651376146789","0.481651376146789"
"1928000","0.1405152224824356","0.1405152224824356","0.1405152224824356"
"1932000","0.33707865168539325","0.33707865168539325","0.33707865168539325"
"1936000","0.3248259860788863","0.3248259860788863","0.3248259860788863"
"1940000","0.3211009174311927","0.3211009174311927","0.3211009174311927"
"1944000","0.2347417840375587","0.2347417840375587","0.2347417840375587"
"1948000","0.38202247191011235","0.38202247191011235","0.38202247191011235"
"1952000","0.2112676056338028","0.2112676056338028","0.2112676056338028"
"1956000","0.35046728971962615","0.35046728971962615","0.35046728971962615"
"1960000","0.16393442622950818","0.16393442622950818","0.16393442622950818"
"1964000","0.16129032258064516","0.16129032258064516","0.16129032258064516"
"1968000","0.3044496487119438","0.3044496487119438","0.3044496487119438"
"1972000","0.33860045146726864","0.33860045146726864","0.33860045146726864"
"1976000","0.25287356321839083","0.25287356321839083","0.25287356321839083"
"1980000","0.2974828375286041","0.2974828375286041","0.2974828375286041"
"1984000","0.1179245283018868","0.1179245283018868","0.1179245283018868"
"1988000","0.20930232558139536","0.20930232558139536","0.20930232558139536"
"1992000","0.1405152224824356","0.1405152224824356","0.1405152224824356"
"1996000","0.07109004739336493","0.07109004739336493","0.07109004739336493"
"2000000","0.16355140186915887","0.16355140186915887","0.16355140186915887"
"2004000","0.32407407407407407","0.32407407407407407","0.32407407407407407"
"2008000","0.2644230769230769","0.2644230769230769","0.2644230769230769"
"2012000","0.16241299303944315","0.16241299303944315","0.16241299303944315"
"2016000","0.38724373576309795","0.38724373576309795","0.38724373576309795"
"2020000","0.3044496487119438","0.3044496487119438","0.3044496487119438"
"2024000","0.2364066193853428","0.2364066193853428","0.2364066193853428"
"2028000","0.22988505747126436","0.22988505747126436","0.22988505747126436"
"2032000","0.32634032634032634","0.32634032634032634","0.32634032634032634"
"2036000","0.29411764705882354","0.29411764705882354","0.29411764705882354"
"2040000","0.2375296912114014","0.2375296912114014","0.2375296912114014"
"2044000","0.20642201834862386","0.20642201834862386","0.20642201834862386"
"2048000","0.35545023696682465","0.35545023696682465","0.35545023696682465"
"2052000","0.1864801864801865","0.1864801864801865","0.1864801864801865"
"2056000","0.296127562642369","0.296127562642369","0.296127562642369"
"2060000","0.43478260869565216","0.43478260869565216","0.43478260869565216"
"2064000","0.4195804195804196","0.4195804195804196","0.4195804195804196"
"2068000","0.32407407407407407","0.32407407407407407","0.32407407407407407"
"2072000","0.35046728971962615","0.35046728971962615","0.35046728971962615"
"2076000","0.16203703703703703","0.16203703703703703","0.16203703703703703"
"2080000","0.18912529550827423","0.18912529550827423","0.18912529550827423"
"2084000","0.2570093457943925","0.2570093457943925","0.2570093457943925"
"2088000","0.2570093457943925","0.2570093457943925","0.2570093457943925"
"2092000","0.22988505747126436","0.22988505747126436","0.22988505747126436"
"2096000","0.2540415704387991","0.2540415704387991","0.2540415704387991"
"2100000","0.4176334106728538","0.4176334106728538","0.4176334106728538"
"2104000","0.3233256351039261","0.3233256351039261","0.3233256351039261"
"2108000","0.22675736961451248","0.22675736961451248","0.22675736961451248"
"2112000","0.3211009174311927","0.3211009174311927","0.3211009174311927"
"2116000","0.32710280373831774","0.32710280373831774","0.32710280373831774"
"2120000","0.3002309468822171","0.3002309468822171","0.3002309468822171"
"2124000","0.365296803652968","0.365296803652968","0.365296803652968"
"2128000","0.3695150115473441","0.3695150115473441","0.3695150115473441"
"2132000","0.30162412993039445","0.30162412993039445","0.30162412993039445"
"2136000","0.3309692671394799","0.3309692671394799","0.3309692671394799"
"2140000","0.3579418344519016","0.3579418344519016","0.3579418344519016"
"2144000","0.319634703196347","0.319634703196347","0.319634703196347"
"2148000","0.3051643192488263","0.3051643192488263","0.3051643192488263"
"2152000","0.21226415094339623","0.21226415094339623","0.21226415094339623"
"2156000","0.35377358490566035","0.35377358490566035","0.35377358490566035"
"2160000","0.2830188679245283","0.2830188679245283","0.2830188679245283"
"2164000","0.35294117647058826","0.35294117647058826","0.35294117647058826"
"2168000","0.228310502283105","0.228310502283105","0.228310502283105"
"2172000","0.30303030303030304","0.30303030303030304","0.30303030303030304"
"2176000","0.48498845265588914","0.48498845265588914","0.48498845265588914"
"2180000","0.2304147465437788","0.2304147465437788","0.2304147465437788"
"2184000","0.16203703703703703","0.16203703703703703","0.16203703703703703"
"2188000","0.37037037037037035","0.37037037037037035","0.37037037037037035"
"2192000","0.32036613272311215","0.32036613272311215","0.32036613272311215"
"2196000","0.16055045871559634","0.16055045871559634","0.16055045871559634"
"2200000","0.2764976958525346","0.2764976958525346","0.2764976958525346"
"2204000","0.2564102564102564","0.2564102564102564","0.2564102564102564"
"2208000","0.2564102564102564","0.2564102564102564","0.2564102564102564"
"2212000","0.372960372960373","0.372960372960373","0.372960372960373"
"2216000","0.351288056206089","0.351288056206089","0.351288056206089"
"2220000","0.3695150115473441","0.3695150115473441","0.3695150115473441"
"2224000","0.5080831408775982","0.5080831408775982","0.5080831408775982"
"2228000","0.2517162471395881","0.2517162471395881","0.2517162471395881"
"2232000","0.23094688221709006","0.23094688221709006","0.23094688221709006"
"2236000","0.3881278538812785","0.3881278538812785","0.3881278538812785"
"2240000","0.30303030303030304","0.30303030303030304","0.30303030303030304"
"2244000","0.24663677130044842","0.24663677130044842","0.24663677130044842"
"2248000","0.35377358490566035","0.35377358490566035","0.35377358490566035"
"2252000","0.2540415704387991","0.2540415704387991","0.2540415704387991"
"2256000","0.2534562211981567","0.2534562211981567","0.2534562211981567"
"2260000","0.32558139534883723","0.32558139534883723","0.32558139534883723"
"2264000","0.2570093457943925","0.2570093457943925","0.2570093457943925"
"2268000","0.2132701421800948","0.2132701421800948","0.2132701421800948"
"2272000","0.30162412993039445","0.30162412993039445","0.30162412993039445"
"2276000","0.2558139534883721","0.2558139534883721","0.2558139534883721"
"2280000","0.3611738148984199","0.3611738148984199","0.3611738148984199"
"2284000","0.2803738317757009","0.2803738317757009","0.2803738317757009"
"2288000","0.3002309468822171","0.3002309468822171","0.3002309468822171"
"2292000","0.3764705882352941","0.3764705882352941","0.3764705882352941"
"2296000","0.30162412993039445","0.30162412993039445","0.30162412993039445"
"2300000","0.2347417840375587","0.2347417840375587","0.2347417840375587"
"2304000","0.2803738317757009","0.2803738317757009","0.2803738317757009"
"2308000","0.2988505747126437","0.2988505747126437","0.2988505747126437"
"2312000","0.2777777777777778","0.2777777777777778","0.2777777777777778"
"2316000","0.15765765765765766","0.15765765765765766","0.15765765765765766"
"2320000","0.2288329519450801","0.2288329519450801","0.2288329519450801"
"2324000","0.2727272727272727","0.2727272727272727","0.2727272727272727"
"2328000","0.2857142857142857","0.2857142857142857","0.2857142857142857"
"2332000","0.2158273381294964","0.2158273381294964","0.2158273381294964"
"2336000","0.4028436018957346","0.4028436018957346","0.4028436018957346"